{"0":{"ATT":0.0371747212,"MetroPCS":0.0094339623,"Sprint":0.0421052632,"TMobile":0.0086705202,"USCC":0.0044642857,"USCell_New":0.0,"Verizon":0.1371428571},"1":{"ATT":0.3345724907,"MetroPCS":0.0,"Sprint":0.0,"TMobile":0.0289017341,"USCC":0.0446428571,"USCell_New":0.064516129,"Verizon":0.0},"10":{"ATT":0.0074349442,"MetroPCS":0.0094339623,"Sprint":0.0210526316,"TMobile":0.0086705202,"USCC":0.0401785714,"USCell_New":0.1290322581,"Verizon":0.0171428571},"11":{"ATT":0.0111524164,"MetroPCS":0.0047169811,"Sprint":0.0052631579,"TMobile":0.0028901734,"USCC":0.0,"USCell_New":0.0,"Verizon":0.3657142857},"12":{"ATT":0.0074349442,"MetroPCS":0.0518867925,"Sprint":0.1526315789,"TMobile":0.1069364162,"USCC":0.0446428571,"USCell_New":0.2903225806,"Verizon":0.0742857143},"13":{"ATT":0.1486988848,"MetroPCS":0.0,"Sprint":0.0684210526,"TMobile":0.0549132948,"USCC":0.2321428571,"USCell_New":0.2903225806,"Verizon":0.0},"14":{"ATT":0.0074349442,"MetroPCS":0.0141509434,"Sprint":0.0631578947,"TMobile":0.1849710983,"USCC":0.0133928571,"USCell_New":0.0,"Verizon":0.0},"15":{"ATT":0.0223048327,"MetroPCS":0.0660377358,"Sprint":0.2052631579,"TMobile":0.0693641618,"USCC":0.0223214286,"USCell_New":0.0,"Verizon":0.04},"16":{"ATT":0.2453531599,"MetroPCS":0.0,"Sprint":0.0052631579,"TMobile":0.0028901734,"USCC":0.0133928571,"USCell_New":0.0,"Verizon":0.0},"17":{"ATT":0.0111524164,"MetroPCS":0.0283018868,"Sprint":0.0736842105,"TMobile":0.0549132948,"USCC":0.0,"USCell_New":0.0,"Verizon":0.0285714286},"18":{"ATT":0.0260223048,"MetroPCS":0.0377358491,"Sprint":0.0,"TMobile":0.1040462428,"USCC":0.0,"USCell_New":0.0,"Verizon":0.0057142857},"19":{"ATT":0.0223048327,"MetroPCS":0.0047169811,"Sprint":0.0157894737,"TMobile":0.0722543353,"USCC":0.1830357143,"USCell_New":0.0967741935,"Verizon":0.0114285714},"2":{"ATT":0.029739777,"MetroPCS":0.179245283,"Sprint":0.0578947368,"TMobile":0.049132948,"USCC":0.09375,"USCell_New":0.0322580645,"Verizon":0.0114285714},"3":{"ATT":0.0260223048,"MetroPCS":0.0094339623,"Sprint":0.1210526316,"TMobile":0.0086705202,"USCC":0.0401785714,"USCell_New":0.0,"Verizon":0.0514285714},"4":{"ATT":0.0074349442,"MetroPCS":0.0235849057,"Sprint":0.0789473684,"TMobile":0.0260115607,"USCC":0.2142857143,"USCell_New":0.0,"Verizon":0.04},"5":{"ATT":0.0037174721,"MetroPCS":0.0,"Sprint":0.0105263158,"TMobile":0.0,"USCC":0.0,"USCell_New":0.0,"Verizon":0.1314285714},"6":{"ATT":0.0,"MetroPCS":0.2971698113,"Sprint":0.0315789474,"TMobile":0.0028901734,"USCC":0.0044642857,"USCell_New":0.0,"Verizon":0.0},"7":{"ATT":0.0,"MetroPCS":0.2405660377,"Sprint":0.0,"TMobile":0.0,"USCC":0.0,"USCell_New":0.0,"Verizon":0.0},"8":{"ATT":0.0446096654,"MetroPCS":0.0188679245,"Sprint":0.0421052632,"TMobile":0.0317919075,"USCC":0.0491071429,"USCell_New":0.064516129,"Verizon":0.0857142857},"9":{"ATT":0.0074349442,"MetroPCS":0.0047169811,"Sprint":0.0052631579,"TMobile":0.1820809249,"USCC":0.0,"USCell_New":0.0322580645,"Verizon":0.0}}