{"0":{"ATT":0.0111524164,"MetroPCS":0.0,"Sprint":0.0157894737,"TMobile":0.0028901734,"USCC":0.0,"Verizon":0.4514285714},"1":{"ATT":0.0780669145,"MetroPCS":0.2216981132,"Sprint":0.1052631579,"TMobile":0.1445086705,"USCC":0.2723214286,"Verizon":0.0285714286},"10":{"ATT":0.3048327138,"MetroPCS":0.0,"Sprint":0.0,"TMobile":0.0317919075,"USCC":0.0535714286,"Verizon":0.0},"11":{"ATT":0.0,"MetroPCS":0.0,"Sprint":0.0,"TMobile":0.0,"USCC":0.0625,"Verizon":0.0},"12":{"ATT":0.0223048327,"MetroPCS":0.0047169811,"Sprint":0.0368421053,"TMobile":0.0086705202,"USCC":0.0044642857,"Verizon":0.1371428571},"13":{"ATT":0.1449814126,"MetroPCS":0.0,"Sprint":0.0684210526,"TMobile":0.0549132948,"USCC":0.2321428571,"Verizon":0.0},"14":{"ATT":0.0148698885,"MetroPCS":0.1320754717,"Sprint":0.0789473684,"TMobile":0.0375722543,"USCC":0.0089285714,"Verizon":0.0},"15":{"ATT":0.0037174721,"MetroPCS":0.2452830189,"Sprint":0.0,"TMobile":0.0,"USCC":0.0,"Verizon":0.0},"16":{"ATT":0.0,"MetroPCS":0.0,"Sprint":0.0,"TMobile":0.0751445087,"USCC":0.0089285714,"Verizon":0.0114285714},"17":{"ATT":0.2565055762,"MetroPCS":0.0,"Sprint":0.0,"TMobile":0.0028901734,"USCC":0.0089285714,"Verizon":0.0},"18":{"ATT":0.0148698885,"MetroPCS":0.0047169811,"Sprint":0.0631578947,"TMobile":0.0693641618,"USCC":0.0491071429,"Verizon":0.0228571429},"19":{"ATT":0.0260223048,"MetroPCS":0.0283018868,"Sprint":0.1105263158,"TMobile":0.1156069364,"USCC":0.0178571429,"Verizon":0.08},"2":{"ATT":0.0,"MetroPCS":0.0047169811,"Sprint":0.0,"TMobile":0.1676300578,"USCC":0.0,"Verizon":0.0},"3":{"ATT":0.0037174721,"MetroPCS":0.0094339623,"Sprint":0.0631578947,"TMobile":0.1734104046,"USCC":0.0133928571,"Verizon":0.0},"4":{"ATT":0.0260223048,"MetroPCS":0.0141509434,"Sprint":0.1736842105,"TMobile":0.0202312139,"USCC":0.0267857143,"Verizon":0.1485714286},"5":{"ATT":0.0,"MetroPCS":0.0,"Sprint":0.0,"TMobile":0.0,"USCC":0.0,"Verizon":0.0457142857},"6":{"ATT":0.0074349442,"MetroPCS":0.0094339623,"Sprint":0.0631578947,"TMobile":0.0086705202,"USCC":0.1919642857,"Verizon":0.0285714286},"7":{"ATT":0.0706319703,"MetroPCS":0.0235849057,"Sprint":0.1789473684,"TMobile":0.0578034682,"USCC":0.0178571429,"Verizon":0.0171428571},"8":{"ATT":0.0148698885,"MetroPCS":0.0471698113,"Sprint":0.0315789474,"TMobile":0.0289017341,"USCC":0.03125,"Verizon":0.0285714286},"9":{"ATT":0.0,"MetroPCS":0.2547169811,"Sprint":0.0105263158,"TMobile":0.0,"USCC":0.0,"Verizon":0.0}}